{
    "root_group": {
        "name": "",
        "path": "",
        "id": "d41d8cd98f00b204e9800998ecf8427e",
        "groups": {},
        "checks": {
                "cart add 200": {
                    "passes": 3486,
                    "fails": 0,
                    "name": "cart add 200",
                    "path": "::cart add 200",
                    "id": "86900f7cbcc4d18d088992079ed7bc36"
                },
                "order create 201": {
                    "id": "0e94c395ef1ef5a3c913c846c05acab7",
                    "passes": 3486,
                    "fails": 0,
                    "name": "order create 201",
                    "path": "::order create 201"
                }
            }
    },
    "metrics": {
        "vus": {
            "value": 3,
            "min": 3,
            "max": 5
        },
        "http_req_blocked": {
            "avg": 0.015302403777364438,
            "min": 0,
            "med": 0,
            "max": 3.5402,
            "p(90)": 0,
            "p(95)": 0
        },
        "http_req_duration{expected_response:true}": {
            "max": 107.6651,
            "p(90)": 35.99692,
            "p(95)": 39.514359999999996,
            "avg": 21.44289210187439,
            "min": 5.8618,
            "med": 18.9982
        },
        "iteration_duration": {
            "p(95)": 58.50675,
            "avg": 43.050133075157845,
            "min": 26.9979,
            "med": 41.782849999999996,
            "max": 126.665,
            "p(90)": 53.001599999999996
        },
        "iterations": {
            "count": 3486,
            "rate": 112.39372179761101
        },
        "order_5xx": {
            "count": 0,
            "rate": 0,
            "thresholds": {
                "count==0": false
            }
        },
        "http_req_waiting": {
            "max": 107.6651,
            "p(90)": 35.85498,
            "p(95)": 39.34122,
            "avg": 21.291841436543134,
            "min": 5.347,
            "med": 18.7158
        },
        "http_req_connecting": {
            "avg": 0.009196437258549149,
            "min": 0,
            "med": 0,
            "max": 3.5402,
            "p(90)": 0,
            "p(95)": 0
        },
        "http_reqs": {
            "count": 6989,
            "rate": 225.33554837736756
        },
        "data_sent": {
            "count": 4335769,
            "rate": 139791.51312814286
        },
        "data_received": {
            "count": 5207941,
            "rate": 167911.60983716926
        },
        "http_req_receiving": {
            "p(90)": 0.5341,
            "p(95)": 0.9996,
            "avg": 0.12556498783803122,
            "min": 0,
            "med": 0,
            "max": 3.0073
        },
        "checks": {
            "fails": 0,
            "passes": 6972,
            "value": 1
        },
        "vus_max": {
            "value": 5,
            "min": 5,
            "max": 5
        },
        "order_created": {
            "count": 3486,
            "rate": 112.39372179761101
        },
        "http_req_duration": {
            "p(90)": 35.99692,
            "p(95)": 39.514359999999996,
            "avg": 21.44289210187439,
            "min": 5.8618,
            "med": 18.9982,
            "max": 107.6651,
            "thresholds": {
                "p(95)<100": false,
                "p(99)<200": false
            }
        },
        "http_req_sending": {
            "max": 2.0001,
            "p(90)": 0,
            "p(95)": 0,
            "avg": 0.02548567749320361,
            "min": 0,
            "med": 0
        },
        "http_req_tls_handshaking": {
            "avg": 0,
            "min": 0,
            "med": 0,
            "max": 0,
            "p(90)": 0,
            "p(95)": 0
        },
        "order_create_duration": {
            "min": 14,
            "med": 29,
            "max": 107,
            "p(90)": 39,
            "p(95)": 44,
            "avg": 30.328456683878372
        },
        "http_req_failed": {
            "passes": 0,
            "fails": 6989,
            "thresholds": {
                "rate<0.01": false
            },
            "value": 0
        }
    },
    "setup_data": {
        "buyers": [
            {
                "token": "eyJhbGciOiJIUzUxMiJ9.eyJzdWIiOiI3OCIsImVtYWlsIjoiYnV5ZXIrMDdkMzYzMjYtYWQwMC00MzZlLWI3ZTgtMThkODAwNWRjNmI4KzBAcGVyZi5sb2NhbCIsInJvbGVzIjpbIlJPTEVfQ09OU1VNRVIiXSwianRpIjoiYjQyYmQ5NzktZTEwZS00MTJiLWIwMTQtODFhNDQ5ZWNjYTdlIiwiaXNzIjoic2hvcC1jb3JlIiwiaWF0IjoxNzgxNTcwMzE1LCJleHAiOjE3ODE1NzIxMTV9.omgjqJLBD9LhW9C16R9WCUpF0js-zwwCcPw26wmopiCERgW0yvmxzQSgpfNXHyUuj7mdrQ9dQubz5jJko4F7PQ"
            },
            {
                "token": "eyJhbGciOiJIUzUxMiJ9.eyJzdWIiOiI3OSIsImVtYWlsIjoiYnV5ZXIrMDdkMzYzMjYtYWQwMC00MzZlLWI3ZTgtMThkODAwNWRjNmI4KzFAcGVyZi5sb2NhbCIsInJvbGVzIjpbIlJPTEVfQ09OU1VNRVIiXSwianRpIjoiNmZmYmZiOTEtNzhiNy00MzkyLTk2OTQtMTRjMTg1Njk3MzRlIiwiaXNzIjoic2hvcC1jb3JlIiwiaWF0IjoxNzgxNTcwMzE1LCJleHAiOjE3ODE1NzIxMTV9.wv98NGJNUONLDHI194OhgKOOXjEwY8x_emUCQD0c-Kr7LcgPhd7IqdiyO3egIB2zybcWtNIlYOIRJOVB4Xsxhw"
            },
            {
                "token": "eyJhbGciOiJIUzUxMiJ9.eyJzdWIiOiI4MCIsImVtYWlsIjoiYnV5ZXIrMDdkMzYzMjYtYWQwMC00MzZlLWI3ZTgtMThkODAwNWRjNmI4KzJAcGVyZi5sb2NhbCIsInJvbGVzIjpbIlJPTEVfQ09OU1VNRVIiXSwianRpIjoiMjkwZmE5NjUtOGE3ZC00MDhkLWE2N2EtNmRkZWJkZjliMzRhIiwiaXNzIjoic2hvcC1jb3JlIiwiaWF0IjoxNzgxNTcwMzE1LCJleHAiOjE3ODE1NzIxMTV9.8Hf6k5yfeQ5iHq61dG0gGZ9BqVPur4x5ES7We89B6X16abW7VZpyd7foTrwsdA7e8pRWVp8MElgnA6iL0mYs5w"
            },
            {
                "token": "eyJhbGciOiJIUzUxMiJ9.eyJzdWIiOiI4MSIsImVtYWlsIjoiYnV5ZXIrMDdkMzYzMjYtYWQwMC00MzZlLWI3ZTgtMThkODAwNWRjNmI4KzNAcGVyZi5sb2NhbCIsInJvbGVzIjpbIlJPTEVfQ09OU1VNRVIiXSwianRpIjoiMjAxMDg0NzQtNzI3My00MzVjLWE2YjctMDhjMDA0NDM2ZTNjIiwiaXNzIjoic2hvcC1jb3JlIiwiaWF0IjoxNzgxNTcwMzE1LCJleHAiOjE3ODE1NzIxMTV9.Up0b6-Ap4b-OallgFIadnUJgQUG32zDPtyUVAsvpBBS6JJF9IZYrA8_tXF8lcR8mqapwTy8ZKAORwqj2ZylYCw"
            },
            {
                "token": "eyJhbGciOiJIUzUxMiJ9.eyJzdWIiOiI4MiIsImVtYWlsIjoiYnV5ZXIrMDdkMzYzMjYtYWQwMC00MzZlLWI3ZTgtMThkODAwNWRjNmI4KzRAcGVyZi5sb2NhbCIsInJvbGVzIjpbIlJPTEVfQ09OU1VNRVIiXSwianRpIjoiMTFlZTRkNjEtZTE0Zi00YWQ0LWE0MjktZjdhOWQxNmViMzg3IiwiaXNzIjoic2hvcC1jb3JlIiwiaWF0IjoxNzgxNTcwMzE1LCJleHAiOjE3ODE1NzIxMTV9.ro_1D-SfPRKDFGTNxIrzetqLh6-hM_vicYE4Nk5jlmenM2Wo6J2qvvK1ch_YNlU_ZnPCIu2nviARn4wEXKIFCg"
            }
        ],
        "variantId": 14
    }
}